launch_url,"https://www.codezeros.com/blockchain-programming-languages/",
verify_read_only_text,"Programming Languages for Blockchain Development",
verify_read_only_text,"Mastering blockchain innovation with expert programming languages - trust Codezeros to lead the way.",
verify_read_only_text,"Top Languages for",
verify_read_only_text,"Blockchain Development",
verify_read_only_text,"Transform your blockchain vision into reality with our premier programming languages.",
verify_read_only_text,"Move",
verify_read_only_text,"Move is a secure programming language developed by Facebook for writing smart contracts on the Diem blockchain. It's designed to be platform-agnostic, enabling libraries and tools to be used across various blockchains with different data and execution models.",
verify_read_only_text,"Rust",
verify_read_only_text,"Rust was developed by Mozilla Corporation and initially released in 2010, is a fast and reliable programming language known for its strong memory safety and thread safety guarantees. It is used in blockchain development for building secure and high-performance nodes, consensus algorithms, and DApps.",
verify_read_only_text,"Solidity",
verify_read_only_text,"Solidity is a programming language developed by the Ethereum Foundation and released in 2015. It is a fastest-growing blockchain programming language used for developing smart contracts on the Ethereum blockchain, enabling trustless and automated execution of transactions and agreements on the blockchain.",
verify_read_only_text,"Vyper",
verify_read_only_text,"Vyper is a smart contract programming language used for developing secure and efficient smart contracts on the Ethereum blockchain. It's an alternative to Solidity, addressing the security and complexity concerns of the language. Vyper's simplicity makes it easier to review and maintain code, and its security focus is important for blockchain apps where security is paramount.",
verify_read_only_text,"Haskell",
verify_read_only_text,"Haskell is a functional programming language known for its strong static typing and mathematical approach. It is used in blockchain development for smart contract verification and formal verification of code. Haskell gained popularity as a primary programming language used in the renowned Cardano Blockchain.",
verify_read_only_text,"GoLang",
verify_read_only_text,"Go (or Golang) is a programming language developed by Google, is often used in blockchain development because of its concurrency and memory efficiency, making it a popular choice for building blockchain nodes, consensus mechanisms, smart contracts, and decentralized applications (DApps).",
verify_read_only_text,"Python",
verify_read_only_text,"Python is a popular high-level programming language known for its simplicity, readability, and ease of use. It's used in blockchain development for building smart contracts, DApps, and blockchain nodes. Its rich library ecosystem and community support make it a flexible language for blockchain development.",
verify_read_only_text,"Kotlin",
verify_read_only_text,"Kotlin can be used to develop smart contracts for blockchain platforms such as Ethereum, Hyperledger, and Corda. Kotlin's interoperability with Java makes it a popular choice for developing blockchain applications that require high performance, security, and scalability.",
verify_read_only_text,"Our Approach",
verify_read_only_text,"Our Approach to",
verify_read_only_text,"Our blockchain app development approach, emphasizing innovation and efficiency with latest programming languages, provides a competitive edge to clients.",
verify_read_only_text,"Choose the Appropriate Programming Language",
verify_read_only_text,"We select the best programming language for the project based on the client's requirements, the project's complexity, and the expertise of the development team.",
verify_read_only_text,"Implement Agile Development Methodology",
verify_read_only_text,"We use an Agile development approach that prioritizes collaboration, flexibility, and iterative development to deliver high-quality blockchain applications.",
verify_read_only_text,"Continuous Integration and Deployment",
verify_read_only_text,"We use CI/CD tools to automate the build, testing, and deployment process. This ensures that your blockchain application is always up-to-date and running smoothly.",
verify_read_only_text,"Ensure Code Quality and Security",
verify_read_only_text,"We conduct regular code reviews, security testing, and quality assurance checks. Also, our in-house security audits of smart contracts identify and eliminate vulnerabilities, ensuring clients receive secure & bug-free solutions.",
verify_read_only_text,"Hire Blockchain Programming language Experts to future-proof your blockchain project.",
verify_read_only_text,"Invest in blockchain projects with our expert programming language developers, guaranteeing sustainable and reliable solutions.",
verify_read_only_text,"Coding Standards",
verify_read_only_text,"We set the bar high with our coding standards, delivering only the best results.",
verify_read_only_text,"Clean Code:",
verify_read_only_text,"We write clean, readable, and maintainable code to ensure scalability, efficiency, reducing risk of errors and bugs.",
verify_read_only_text,"Modular Architecture:",
verify_read_only_text,"Our experts design apps with a modular architecture, allowing for flexibility to be easily modified, extended, and tested.",
verify_read_only_text,"Test-Driven Development:",
verify_read_only_text,"We ensure that each functionality is tested thoroughly before integration to ensure reliability and stability, reducing the risk of bugs and errors.",
verify_read_only_text,"Security Best Practices:",
verify_read_only_text,"We take security seriously and follow the latest security best practices that include secure coding techniques, encryption, and access control, to ensure the safety and protection of sensitive data.",
verify_read_only_text,"Latest Blogs",
verify_read_only_text,"Read our blogs to stay up-to-date on the latest news and insights from the world of software development."